document,element,frequency_in_document
1990,Acute hepatitis,3.122503944268093e-05
1990,Alcohol use disorders,2.1848123099460958e-05
1990,Alzheimer's disease and other dementias,0.00010523590840731509
1990,Cardiovascular diseases,0.0022642492623054632
1990,Chronic kidney disease,0.00011280250342420805
1990,Chronic respiratory diseases,0.0005805565714319596
1990,Cirrhosis and other chronic liver diseases,0.00019004675945292172
1990,Conflict and terrorism,2.1828600762470287e-05
1990,Diabetes mellitus,0.0001240954245141949
1990,Diarrheal diseases,0.0005434262127643801
1990,Digestive diseases,0.00034809678400769486
1990,Drowning,8.643514702618603e-05
1990,Drug use disorders,1.0536993675934718e-05
1990,Environmental heat and cold exposure,1.0337828295674146e-05
1990,Exposure to forces of nature,9.426285330032919e-06
1990,"Fire, heat, and hot substances",2.3112006704828002e-05
1990,HIV/AIDS,6.308324083410731e-05
1990,Interpersonal violence,6.992319194243413e-05
1990,Lower respiratory infections,0.0006228871926154284
1990,Malaria,0.00015773616544469235
1990,Maternal disorders,5.676851567674098e-05
1990,Meningitis,8.114027626180339e-05
1990,Neonatal disorders,0.000564004257670775
1990,Neoplasms,0.0010798472854151276
1990,Nutritional deficiencies,0.00014206404628109673
1990,Parkinson's disease,2.76233559826813e-05
1990,Poisonings,1.6509702506406827e-05
1990,Protein-energy malnutrition,0.00012313620199474955
1990,Road injuries ,0.00020888337435679327
1990,Self-harm,0.00013868442940436594
1990,Tuberculosis,0.00033351791571557663
1991,Acute hepatitis,3.052588926200747e-05
1991,Alcohol use disorders,2.2621250907767317e-05
1991,Alzheimer's disease and other dementias,0.00010770868569766844
1991,Cardiovascular diseases,0.0022570426140667925
1991,Chronic kidney disease,0.00011332770557362171
1991,Chronic respiratory diseases,0.0005814775941631391
1991,Cirrhosis and other chronic liver diseases,0.00018965923610492517
1991,Conflict and terrorism,1.5702337468162887e-05
1991,Diabetes mellitus,0.00012552524334530203
1991,Diarrheal diseases,0.0005361894723262601
1991,Digestive diseases,0.0003467703415968317
1991,Drowning,8.39214461472001e-05
1991,Drug use disorders,1.143086283807475e-05
1991,Environmental heat and cold exposure,1.046453104992146e-05
1991,Exposure to forces of nature,2.8914597495981228e-05
1991,"Fire, heat, and hot substances",2.2891461803422564e-05
1991,HIV/AIDS,7.955337527758517e-05
1991,Interpersonal violence,7.086599339922545e-05
1991,Lower respiratory infections,0.0006063475242606553
1991,Malaria,0.0001586512891274972
1991,Maternal disorders,5.508959265754393e-05
1991,Meningitis,7.916477396216574e-05
1991,Neonatal disorders,0.0005494879855928146
1991,Neoplasms,0.0010837922613285394
1991,Nutritional deficiencies,0.0001346704877050899
1991,Parkinson's disease,2.7866075790830955e-05
1991,Poisonings,1.6218748721923703e-05
1991,Protein-energy malnutrition,0.00011654585639104964
1991,Road injuries ,0.0002063103591991858
1991,Self-harm,0.00013899792535731304
1991,Tuberculosis,0.00032993969356027655
1992,Acute hepatitis,2.9767118940722856e-05
1992,Alcohol use disorders,2.3943793430939993e-05
1992,Alzheimer's disease and other dementias,0.0001101841854482661
1992,Cardiovascular diseases,0.002261894959741538
1992,Chronic kidney disease,0.00011459705212806096
1992,Chronic respiratory diseases,0.0005833538424673543
1992,Cirrhosis and other chronic liver diseases,0.0001896650680908302
1992,Conflict and terrorism,1.1286398448368426e-05
1992,Diabetes mellitus,0.00012770744516961912
1992,Diarrheal diseases,0.0005222496598877026
1992,Digestive diseases,0.0003462059942907598
1992,Drowning,8.129887605713219e-05
1992,Drug use disorders,1.2152568562761523e-05
1992,Environmental heat and cold exposure,1.0897776669141458e-05
1992,Exposure to forces of nature,2.1877023884419407e-06
1992,"Fire, heat, and hot substances",2.273082793377393e-05
1992,HIV/AIDS,9.821383449092592e-05
1992,Interpersonal violence,7.404654261980346e-05
1992,Lower respiratory infections,0.0005926240267527422
1992,Malaria,0.00015574240573545343
1992,Maternal disorders,5.442887155949068e-05
1992,Meningitis,7.754977610367258e-05
1992,Neonatal disorders,0.000536537375062492
1992,Neoplasms,0.001090413791848042
1992,Nutritional deficiencies,0.00012741847932629127
1992,Parkinson's disease,2.8166622787715578e-05
1992,Poisonings,1.608224943656384e-05
1992,Protein-energy malnutrition,0.00011020618976987886
1992,Road injuries ,0.0002046885641354149
1992,Self-harm,0.00014007951138681534
1992,Tuberculosis,0.00032874456489459964
1993,Acute hepatitis,2.900585337185828e-05
1993,Alcohol use disorders,2.578132852002655e-05
1993,Alzheimer's disease and other dementias,0.00011279405131084311
1993,Cardiovascular diseases,0.002293627925426926
1993,Chronic kidney disease,0.00011596231986733786
1993,Chronic respiratory diseases,0.0005852467816030532
1993,Cirrhosis and other chronic liver diseases,0.0001912946949686795
1993,Conflict and terrorism,1.1239255335590618e-05
1993,Diabetes mellitus,0.00013044240363079736
1993,Diarrheal diseases,0.0005014003566067929
1993,Digestive diseases,0.0003474911947727161
1993,Drowning,7.98040339399275e-05
1993,Drug use disorders,1.2828406098772497e-05
1993,Environmental heat and cold exposure,1.1970049694442802e-05
1993,Exposure to forces of nature,3.828473805911338e-06
1993,"Fire, heat, and hot substances",2.2841668348404422e-05
1993,HIV/AIDS,0.00011904530817994594
1993,Interpersonal violence,7.755091556362813e-05
1993,Lower respiratory infections,0.0005781448722171987
1993,Malaria,0.00015447477051044268
1993,Maternal disorders,5.2594977975504505e-05
1993,Meningitis,7.539705192496156e-05
1993,Neonatal disorders,0.000523951247989172
1993,Neoplasms,0.0011048931688777117
1993,Nutritional deficiencies,0.00012079319485926977
1993,Parkinson's disease,2.871023908107473e-05
1993,Poisonings,1.6130865627265346e-05
1993,Protein-energy malnutrition,0.00010461503094547906
1993,Road injuries ,0.00020378466749454888
1993,Self-harm,0.00014187766019918628
1993,Tuberculosis,0.000317957535521677
1994,Acute hepatitis,2.8150938608292065e-05
1994,Alcohol use disorders,2.716844660640691e-05
1994,Alzheimer's disease and other dementias,0.00011516134144885924
1994,Cardiovascular diseases,0.0023001841762660988
1994,Chronic kidney disease,0.00011749025715929477
1994,Chronic respiratory diseases,0.0005822363439755403
1994,Cirrhosis and other chronic liver diseases,0.0001923542406372318
1994,Conflict and terrorism,9.99588492830971e-05
1994,Diabetes mellitus,0.00013265655039256473
1994,Diarrheal diseases,0.0004838824317530353
1994,Digestive diseases,0.0003474513038924085
1994,Drowning,7.828681327027021e-05
1994,Drug use disorders,1.3546700019522543e-05
1994,Environmental heat and cold exposure,1.2767628360227557e-05
1994,Exposure to forces of nature,2.245569875624284e-06
1994,"Fire, heat, and hot substances",2.288673092313746e-05
1994,HIV/AIDS,0.00014129396884551447
1994,Interpersonal violence,7.80433092317009e-05
1994,Lower respiratory infections,0.0005628112904796057
1994,Malaria,0.00015109452080249325
1994,Maternal disorders,5.176412030349198e-05
1994,Meningitis,7.306869300648369e-05
1994,Neonatal disorders,0.0005114653119914379
1994,Neoplasms,0.0011117603321964523
1994,Nutritional deficiencies,0.00011474196357242551
1994,Parkinson's disease,2.9026423034127184e-05
1994,Poisonings,1.605060666703e-05
1994,Protein-energy malnutrition,9.959933208039434e-05
1994,Road injuries ,0.00020371028721042307
1994,Self-harm,0.00014438641716129713
1994,Tuberculosis,0.0003096882243562555
1995,Acute hepatitis,2.73619729238107e-05
1995,Alcohol use disorders,2.7282066415873402e-05
1995,Alzheimer's disease and other dementias,0.00011747736416929955
1995,Cardiovascular diseases,0.002285648538450545
1995,Chronic kidney disease,0.00011902431238178503
1995,Chronic respiratory diseases,0.0005768057368542776
1995,Cirrhosis and other chronic liver diseases,0.0001922595843917089
1995,Conflict and terrorism,1.1700471456352663e-05
1995,Diabetes mellitus,0.00013465552249329298
1995,Diarrheal diseases,0.00046538368437470154
1995,Digestive diseases,0.00034543687834245955
1995,Drowning,7.612931512092529e-05
1995,Drug use disorders,1.3924448883147862e-05
1995,Environmental heat and cold exposure,1.2644900226635556e-05
1995,Exposure to forces of nature,3.337097713834611e-06
1995,"Fire, heat, and hot substances",2.2374344487201507e-05
1995,HIV/AIDS,0.00016337137975747052
1995,Interpersonal violence,7.733800985863481e-05
1995,Lower respiratory infections,0.0005481647375387124
1995,Malaria,0.00015017305297586182
1995,Maternal disorders,5.0581515877320675e-05
1995,Meningitis,7.134589220460031e-05
1995,Neonatal disorders,0.0005002613953391855
1995,Neoplasms,0.0011146663648106353
1995,Nutritional deficiencies,0.00012588234500418582
1995,Parkinson's disease,2.9400372273348466e-05
1995,Poisonings,1.5729395885966852e-05
1995,Protein-energy malnutrition,0.00011160519332129728
1995,Road injuries ,0.0002024296460195718
1995,Self-harm,0.00014378331775291927
1995,Tuberculosis,0.0003026975159794123
1996,Acute hepatitis,2.6336282507980893e-05
1996,Alcohol use disorders,2.6842042962386275e-05
1996,Alzheimer's disease and other dementias,0.00011960136013860285
1996,Cardiovascular diseases,0.002268465254146308
1996,Chronic kidney disease,0.00012096773741511758
1996,Chronic respiratory diseases,0.0005738460091823941
1996,Cirrhosis and other chronic liver diseases,0.00019146123385319427
1996,Conflict and terrorism,1.4991522715714662e-05
1996,Diabetes mellitus,0.00013717387493562453
1996,Diarrheal diseases,0.00044898910091388235
1996,Digestive diseases,0.0003425836937039521
1996,Drowning,7.267018917446698e-05
1996,Drug use disorders,1.4026697952049274e-05
1996,Environmental heat and cold exposure,1.1605708838666835e-05
1996,Exposure to forces of nature,2.552150344599585e-06
1996,"Fire, heat, and hot substances",2.1769330841961914e-05
1996,HIV/AIDS,0.0001822488741302319
1996,Interpersonal violence,7.42800044429528e-05
1996,Lower respiratory infections,0.000530693620757945
1996,Malaria,0.00014978406592592948
1996,Maternal disorders,4.9399371253676326e-05
1996,Meningitis,7.163377510004563e-05
1996,Neonatal disorders,0.00048774157939740986
1996,Neoplasms,0.0011142872785624312
1996,Nutritional deficiencies,0.00011536299825864358
1996,Parkinson's disease,2.98412402259511e-05
1996,Poisonings,1.5255390271186852e-05
1996,Protein-energy malnutrition,0.00010194626870255572
1996,Road injuries ,0.00019962756558949946
1996,Self-harm,0.00014079711810949607
1996,Tuberculosis,0.0002954394715775905
1997,Acute hepatitis,2.5724101972026912e-05
1997,Alcohol use disorders,2.6321387772446515e-05
1997,Alzheimer's disease and other dementias,0.00012147949833983574
1997,Cardiovascular diseases,0.0022590683423842064
1997,Chronic kidney disease,0.00012380056416930868
1997,Chronic respiratory diseases,0.0005727088529732498
1997,Cirrhosis and other chronic liver diseases,0.00019118598577071695
1997,Conflict and terrorism,1.6809861187142416e-05
1997,Diabetes mellitus,0.0001401740189182086
1997,Diarrheal diseases,0.00043674970399738415
1997,Digestive diseases,0.0003411758472887899
1997,Drowning,7.000877128507712e-05
1997,Drug use disorders,1.3983295467039315e-05
1997,Environmental heat and cold exposure,1.080821424445151e-05
1997,Exposure to forces of nature,3.023177235353217e-06
1997,"Fire, heat, and hot substances",2.138408482057989e-05
1997,HIV/AIDS,0.00019883910170283002
1997,Interpersonal violence,7.236455318744092e-05
1997,Lower respiratory infections,0.0005161128481329229
1997,Malaria,0.00015121745572483272
1997,Maternal disorders,4.902028034875587e-05
1997,Meningitis,6.788990541185622e-05
1997,Neonatal disorders,0.00047713889123868723
1997,Neoplasms,0.0011153298782854417
1997,Nutritional deficiencies,0.00010968280742482872
1997,Parkinson's disease,3.037182207197476e-05
1997,Poisonings,1.4795990266079203e-05
1997,Protein-energy malnutrition,9.692930767161055e-05
1997,Road injuries ,0.00019810142749057376
1997,Self-harm,0.00013931289096381856
1997,Tuberculosis,0.00029229883424572017
1998,Acute hepatitis,2.4990501168369215e-05
1998,Alcohol use disorders,2.61131797543181e-05
1998,Alzheimer's disease and other dementias,0.0001234408414323983
1998,Cardiovascular diseases,0.0022492819519700016
1998,Chronic kidney disease,0.00012676810719843495
1998,Chronic respiratory diseases,0.0005683447137802895
1998,Cirrhosis and other chronic liver diseases,0.00019073488762731406
1998,Conflict and terrorism,1.818642396961576e-05
1998,Diabetes mellitus,0.00014276431373917467
1998,Diarrheal diseases,0.0004251750393848397
1998,Digestive diseases,0.000339293218727162
1998,Drowning,6.803993653688269e-05
1998,Drug use disorders,1.421719792270168e-05
1998,Environmental heat and cold exposure,1.0837131675468468e-05
1998,Exposure to forces of nature,8.042716335178378e-06
1998,"Fire, heat, and hot substances",2.0843825403003325e-05
1998,HIV/AIDS,0.00021782721554559412
1998,Interpersonal violence,7.218026287729456e-05
1998,Lower respiratory infections,0.0005012294540248684
1998,Malaria,0.00015060468392647628
1998,Maternal disorders,4.8339843076254736e-05
1998,Meningitis,6.572724204244624e-05
1998,Neonatal disorders,0.0004667729627908382
1998,Neoplasms,0.0011200333820950122
1998,Nutritional deficiencies,0.00010367909171366422
1998,Parkinson's disease,3.0927881860899e-05
1998,Poisonings,1.4483205410249026e-05
1998,Protein-energy malnutrition,9.182321151333634e-05
1998,Road injuries ,0.0001968032669820531
1998,Self-harm,0.0001386584079656188
1998,Tuberculosis,0.0002881146814260694
1999,Acute hepatitis,2.4243272513932913e-05
1999,Alcohol use disorders,2.648411425462844e-05
1999,Alzheimer's disease and other dementias,0.00012559201461097413
1999,Cardiovascular diseases,0.0022625696110523796
1999,Chronic kidney disease,0.00012951006595830842
1999,Chronic respiratory diseases,0.0005638979547121432
1999,Cirrhosis and other chronic liver diseases,0.00019104655827259436
1999,Conflict and terrorism,2.339287727831831e-05
1999,Diabetes mellitus,0.00014503402521291273
1999,Diarrheal diseases,0.0004117510832527693
1999,Digestive diseases,0.0003387401092485461
1999,Drowning,6.549362523440297e-05
1999,Drug use disorders,1.440180692217121e-05
1999,Environmental heat and cold exposure,1.0450610443489518e-05
1999,Exposure to forces of nature,1.1475635997994146e-05
1999,"Fire, heat, and hot substances",2.0764517832814887e-05
1999,HIV/AIDS,0.00023742088445753067
1999,Interpersonal violence,7.266237297104706e-05
1999,Lower respiratory infections,0.0004865637672326227
1999,Malaria,0.0001473866699339741
1999,Maternal disorders,4.7629388845060955e-05
1999,Meningitis,6.433387543954598e-05
1999,Neonatal disorders,0.00045615632479382854
1999,Neoplasms,0.001130817558114882
1999,Nutritional deficiencies,9.785514631233481e-05
1999,Parkinson's disease,3.1584836656806235e-05
1999,Poisonings,1.4401312218718264e-05
1999,Protein-energy malnutrition,8.697397896363108e-05
1999,Road injuries ,0.0001971068404723369
1999,Self-harm,0.00013865713280328457
1999,Tuberculosis,0.00028348651568782854
2000,Acute hepatitis,2.345961502564369e-05
2000,Alcohol use disorders,2.7035756002256827e-05
2000,Alzheimer's disease and other dementias,0.0001280403338333429
2000,Cardiovascular diseases,0.0022718469981604797
2000,Chronic kidney disease,0.00013263690393068374
2000,Chronic respiratory diseases,0.0005615706793883106
2000,Cirrhosis and other chronic liver diseases,0.00019168701620423198
2000,Conflict and terrorism,1.9534649738020906e-05
2000,Diabetes mellitus,0.00014746739007179434
2000,Diarrheal diseases,0.00039726091867513545
2000,Digestive diseases,0.0003384964744677664
2000,Drowning,6.309553019306422e-05
2000,Drug use disorders,1.4599184533110257e-05
2000,Environmental heat and cold exposure,1.0653546969473367e-05
2000,Exposure to forces of nature,1.4516169881400074e-06
2000,"Fire, heat, and hot substances",2.0616770139137162e-05
2000,HIV/AIDS,0.0002538277151288022
2000,Interpersonal violence,7.331219221118439e-05
2000,Lower respiratory infections,0.0004713438449566095
2000,Malaria,0.00014357546787102874
2000,Maternal disorders,4.672048320866359e-05
2000,Meningitis,6.282972053376475e-05
2000,Neonatal disorders,0.0004458847162415386
2000,Neoplasms,0.0011397304533433726
2000,Nutritional deficiencies,9.252943298678401e-05
2000,Parkinson's disease,3.231792945842765e-05
2000,Poisonings,1.4454153053357762e-05
2000,Protein-energy malnutrition,8.234304690046402e-05
2000,Road injuries ,0.00019733966289038783
2000,Self-harm,0.00013660777143748745
2000,Tuberculosis,0.0002790640064748707
2001,Acute hepatitis,2.2521518463741804e-05
2001,Alcohol use disorders,2.7446126983631517e-05
2001,Alzheimer's disease and other dementias,0.00013089745722724472
2001,Cardiovascular diseases,0.002279675754017113
2001,Chronic kidney disease,0.0001354395906042896
2001,Chronic respiratory diseases,0.0005569723557987821
2001,Cirrhosis and other chronic liver diseases,0.00019288478579812123
2001,Conflict and terrorism,1.0778245947672727e-05
2001,Diabetes mellitus,0.00015023253992110097
2001,Diarrheal diseases,0.00038222846244809693
2001,Digestive diseases,0.0003387301108454136
2001,Drowning,6.0411305996977575e-05
2001,Drug use disorders,1.4033462961733751e-05
2001,Environmental heat and cold exposure,1.0725856495333476e-05
2001,Exposure to forces of nature,4.74028121365314e-06
2001,"Fire, heat, and hot substances",2.0317304573296456e-05
2001,HIV/AIDS,0.0002671000696711256
2001,Interpersonal violence,7.251053752203881e-05
2001,Lower respiratory infections,0.00045486531318957946
2001,Malaria,0.00014667584250032694
2001,Maternal disorders,4.5391603559765324e-05
2001,Meningitis,6.105331784389571e-05
2001,Neonatal disorders,0.00043553874779932443
2001,Neoplasms,0.0011432903579880974
2001,Nutritional deficiencies,8.719227978051042e-05
2001,Parkinson's disease,3.313616790073552e-05
2001,Poisonings,1.4349888825709174e-05
2001,Protein-energy malnutrition,7.7631847543963e-05
2001,Road injuries ,0.00019673685687963003
2001,Self-harm,0.0001318968744177288
2001,Tuberculosis,0.0002703617148388479
2002,Acute hepatitis,2.1413179429713237e-05
2002,Alcohol use disorders,2.782026499047017e-05
2002,Alzheimer's disease and other dementias,0.00013419953000060275
2002,Cardiovascular diseases,0.002301208813356613
2002,Chronic kidney disease,0.00013870841966583325
2002,Chronic respiratory diseases,0.0005538615713187423
2002,Cirrhosis and other chronic liver diseases,0.00019480342490549185
2002,Conflict and terrorism,1.0538938489006121e-05
2002,Diabetes mellitus,0.00015401125541111748
2002,Diarrheal diseases,0.0003669825826806638
2002,Digestive diseases,0.000340217893605345
2002,Drowning,5.743891269988373e-05
2002,Drug use disorders,1.3448595731973208e-05
2002,Environmental heat and cold exposure,1.1098304860158988e-05
2002,Exposure to forces of nature,1.41357039268929e-06
2002,"Fire, heat, and hot substances",1.9920107603847327e-05
2002,HIV/AIDS,0.0002770813781944702
2002,Interpersonal violence,7.336522375644726e-05
2002,Lower respiratory infections,0.0004425271930304198
2002,Malaria,0.0001474497688633728
2002,Maternal disorders,4.383734415038106e-05
2002,Meningitis,5.9078292552473884e-05
2002,Neonatal disorders,0.00042707344737904585
2002,Neoplasms,0.0011511034725612216
2002,Nutritional deficiencies,8.216004996592398e-05
2002,Parkinson's disease,3.4106273518265506e-05
2002,Poisonings,1.4268999742997415e-05
2002,Protein-energy malnutrition,7.332586975359736e-05
2002,Road injuries ,0.0001963112544824265
2002,Self-harm,0.00012872551515257741
2002,Tuberculosis,0.0002617501377455161
2003,Acute hepatitis,2.0397151575252046e-05
2003,Alcohol use disorders,2.8033820803525433e-05
2003,Alzheimer's disease and other dementias,0.00013743700963569946
2003,Cardiovascular diseases,0.0023053277310080555
2003,Chronic kidney disease,0.00014138439551308714
2003,Chronic respiratory diseases,0.0005471778263162293
2003,Cirrhosis and other chronic liver diseases,0.00019616669594080044
2003,Conflict and terrorism,1.1133355126171317e-05
2003,Diabetes mellitus,0.00015675395434077671
2003,Diarrheal diseases,0.0003514959932879954
2003,Digestive diseases,0.0003406465979541869
2003,Drowning,5.449536313200896e-05
2003,Drug use disorders,1.2889455254878537e-05
2003,Environmental heat and cold exposure,1.1275335022352714e-05
2003,Exposure to forces of nature,5.5591554493806834e-06
2003,"Fire, heat, and hot substances",1.970323658596813e-05
2003,HIV/AIDS,0.0002834026858165206
2003,Interpersonal violence,7.000282737762308e-05
2003,Lower respiratory infections,0.0004304136223809288
2003,Malaria,0.00015038805219653748
2003,Maternal disorders,4.222178093672523e-05
2003,Meningitis,5.785304663706705e-05
2003,Neonatal disorders,0.0004186122095313344
2003,Neoplasms,0.001157825524257311
2003,Nutritional deficiencies,6.538973443734515e-05
2003,Parkinson's disease,3.482989382526789e-05
2003,Poisonings,1.420331778201412e-05
2003,Protein-energy malnutrition,5.731568563926792e-05
2003,Road injuries ,0.00019560880584101482
2003,Self-harm,0.00012764603838446176
2003,Tuberculosis,0.0002526587101293736
2004,Acute hepatitis,1.9803411786720126e-05
2004,Alcohol use disorders,2.7934769773251913e-05
2004,Alzheimer's disease and other dementias,0.00014070973106588378
2004,Cardiovascular diseases,0.0022822506166779847
2004,Chronic kidney disease,0.00014284139183615488
2004,Chronic respiratory diseases,0.0005359487038650425
2004,Cirrhosis and other chronic liver diseases,0.0001960289049913113
2004,Conflict and terrorism,1.091166395307138e-05
2004,Diabetes mellitus,0.00015757822067249424
2004,Diarrheal diseases,0.00033531071895369396
2004,Digestive diseases,0.0003386276159236845
2004,Drowning,5.2377132280028324e-05
2004,Drug use disorders,1.2666921688905575e-05
2004,Environmental heat and cold exposure,1.039194298693689e-05
2004,Exposure to forces of nature,3.7521129785581894e-05
2004,"Fire, heat, and hot substances",1.9137587011166055e-05
2004,HIV/AIDS,0.00028523580506891594
2004,Interpersonal violence,6.823156239583676e-05
2004,Lower respiratory infections,0.00041742725068688136
2004,Malaria,0.0001487014856243473
2004,Maternal disorders,4.105749201167091e-05
2004,Meningitis,5.6253371588199336e-05
2004,Neonatal disorders,0.0004098047796975652
2004,Neoplasms,0.0011614794726742502
2004,Nutritional deficiencies,6.0972338907270376e-05
2004,Parkinson's disease,3.524057932816924e-05
2004,Poisonings,1.4154580392444796e-05
2004,Protein-energy malnutrition,5.347755398021183e-05
2004,Road injuries ,0.00019478655829829118
2004,Self-harm,0.00012680231993577275
2004,Tuberculosis,0.0002412135200771163
2005,Acute hepatitis,1.959627360506663e-05
2005,Alcohol use disorders,2.777538709279489e-05
2005,Alzheimer's disease and other dementias,0.00014454791180877478
2005,Cardiovascular diseases,0.0022922257895304694
2005,Chronic kidney disease,0.00014620461526776142
2005,Chronic respiratory diseases,0.0005318287138048011
2005,Cirrhosis and other chronic liver diseases,0.00019779828644146826
2005,Conflict and terrorism,9.096277240627315e-06
2005,Diabetes mellitus,0.00016064505283590604
2005,Diarrheal diseases,0.0003249757282128369
2005,Digestive diseases,0.0003402912928618727
2005,Drowning,5.085749440137985e-05
2005,Drug use disorders,1.2991624559815071e-05
2005,Environmental heat and cold exposure,1.0452915291790496e-05
2005,Exposure to forces of nature,1.356148897161635e-05
2005,"Fire, heat, and hot substances",1.898009242374395e-05
2005,HIV/AIDS,0.000280051977571463
2005,Interpersonal violence,6.663897823688835e-05
2005,Lower respiratory infections,0.0004093329344101056
2005,Malaria,0.00014377153269194573
2005,Maternal disorders,4.0417419402129944e-05
2005,Meningitis,5.5306350045442185e-05
2005,Neonatal disorders,0.00040057982927368805
2005,Neoplasms,0.001169932248870525
2005,Nutritional deficiencies,5.7588712044531476e-05
2005,Parkinson's disease,3.615123220552e-05
2005,Poisonings,1.4072960624483055e-05
2005,Protein-energy malnutrition,5.04209244549999e-05
2005,Road injuries ,0.0001940172788701419
2005,Self-harm,0.0001262832071122921
2005,Tuberculosis,0.00023425569847983105
2006,Acute hepatitis,1.8832439671035455e-05
2006,Alcohol use disorders,2.68357396298415e-05
2006,Alzheimer's disease and other dementias,0.00014830608519024425
2006,Cardiovascular diseases,0.002263398601466406
2006,Chronic kidney disease,0.0001482207830873066
2006,Chronic respiratory diseases,0.0005225988798209672
2006,Cirrhosis and other chronic liver diseases,0.00019631274992899984
2006,Conflict and terrorism,1.125610315843774e-05
2006,Diabetes mellitus,0.00016170515834708406
2006,Diarrheal diseases,0.000318462039837917
2006,Digestive diseases,0.00033748320097562874
2006,Drowning,4.829382332245017e-05
2006,Drug use disorders,1.2896621123960972e-05
2006,Environmental heat and cold exposure,9.757654713028383e-06
2006,Exposure to forces of nature,3.0071633386059004e-06
2006,"Fire, heat, and hot substances",1.830824692519553e-05
2006,HIV/AIDS,0.0002669077134799948
2006,Interpersonal violence,6.452084991314011e-05
2006,Lower respiratory infections,0.00039947442834944053
2006,Malaria,0.00014218214908518688
2006,Maternal disorders,3.914249293755921e-05
2006,Meningitis,5.4196728845736315e-05
2006,Neonatal disorders,0.00039058715704072295
2006,Neoplasms,0.0011659562478300344
2006,Nutritional deficiencies,5.4725601883949814e-05
2006,Parkinson's disease,3.664955785135273e-05
2006,Poisonings,1.3566657819248299e-05
2006,Protein-energy malnutrition,4.774049198215543e-05
2006,Road injuries ,0.00019136235939232202
2006,Self-harm,0.00012291625394948943
2006,Tuberculosis,0.0002263704934151115
2007,Acute hepatitis,1.7970915518517675e-05
2007,Alcohol use disorders,2.5948014519012104e-05
2007,Alzheimer's disease and other dementias,0.00015241054834464303
2007,Cardiovascular diseases,0.002254322003914672
2007,Chronic kidney disease,0.00015065896863738975
2007,Chronic respiratory diseases,0.0005170646594217367
2007,Cirrhosis and other chronic liver diseases,0.00019564337092149917
2007,Conflict and terrorism,1.0630266559787001e-05
2007,Diabetes mellitus,0.00016295641220442106
2007,Diarrheal diseases,0.0003096292172836133
2007,Digestive diseases,0.000335730379457942
2007,Drowning,4.6509317496639004e-05
2007,Drug use disorders,1.2818771904895915e-05
2007,Environmental heat and cold exposure,8.916116318438748e-06
2007,Exposure to forces of nature,2.4157663253450807e-06
2007,"Fire, heat, and hot substances",1.7834916821683435e-05
2007,HIV/AIDS,0.00024892921120348737
2007,Interpersonal violence,6.263470683969552e-05
2007,Lower respiratory infections,0.0003902836023324677
2007,Malaria,0.00014020287584723255
2007,Maternal disorders,3.766075316248305e-05
2007,Meningitis,5.2602118763364264e-05
2007,Neonatal disorders,0.0003801378311301527
2007,Neoplasms,0.001170707948717176
2007,Nutritional deficiencies,5.1805810604269034e-05
2007,Parkinson's disease,3.7351177181531425e-05
2007,Poisonings,1.3193513928080618e-05
2007,Protein-energy malnutrition,4.504777886980523e-05
2007,Road injuries ,0.00018987893492936712
2007,Self-harm,0.00011967303748038638
2007,Tuberculosis,0.0002192258730195885
2008,Acute hepatitis,1.727374695249341e-05
2008,Alcohol use disorders,2.5277766713209793e-05
2008,Alzheimer's disease and other dementias,0.00015691310708560685
2008,Cardiovascular diseases,0.002268650582185074
2008,Chronic kidney disease,0.00015403289725121142
2008,Chronic respiratory diseases,0.0005170347836578548
2008,Cirrhosis and other chronic liver diseases,0.0001959862452148854
2008,Conflict and terrorism,9.529261288545201e-06
2008,Diabetes mellitus,0.0001653074590576942
2008,Diarrheal diseases,0.00030118460585388797
2008,Digestive diseases,0.00033584330761532194
2008,Drowning,4.49058797285536e-05
2008,Drug use disorders,1.2826021875301808e-05
2008,Environmental heat and cold exposure,8.50821114166839e-06
2008,Exposure to forces of nature,3.4724984589780035e-05
2008,"Fire, heat, and hot substances",1.7420452945899255e-05
2008,HIV/AIDS,0.00022970667671728807
2008,Interpersonal violence,6.227639961043219e-05
2008,Lower respiratory infections,0.00038342760278975093
2008,Malaria,0.00013741314087173202
2008,Maternal disorders,3.65143263647742e-05
2008,Meningitis,5.058882213576669e-05
2008,Neonatal disorders,0.000370561074741571
2008,Neoplasms,0.0011823638445838975
2008,Nutritional deficiencies,4.943564821772016e-05
2008,Parkinson's disease,3.835301202309261e-05
2008,Poisonings,1.3063167105606433e-05
2008,Protein-energy malnutrition,4.2817234159783665e-05
2008,Road injuries ,0.00018917605284026777
2008,Self-harm,0.00011747821200873322
2008,Tuberculosis,0.00021321212123579558
2009,Acute hepatitis,1.638975953582485e-05
2009,Alcohol use disorders,2.4260388536928994e-05
2009,Alzheimer's disease and other dementias,0.00016142042717116705
2009,Cardiovascular diseases,0.0022629233305229363
2009,Chronic kidney disease,0.00015627591994117355
2009,Chronic respiratory diseases,0.0005089836382732779
2009,Cirrhosis and other chronic liver diseases,0.00019357676202283027
2009,Conflict and terrorism,1.04153100245325e-05
2009,Diabetes mellitus,0.00016621994962750006
2009,Diarrheal diseases,0.00028769314793365426
2009,Digestive diseases,0.0003317158822859007
2009,Drowning,4.319526560158962e-05
2009,Drug use disorders,1.2662294360103671e-05
2009,Environmental heat and cold exposure,7.978591338538177e-06
2009,Exposure to forces of nature,1.5968822821274092e-06
2009,"Fire, heat, and hot substances",1.690396290576e-05
2009,HIV/AIDS,0.00021145165845648422
2009,Interpersonal violence,6.15108869949305e-05
2009,Lower respiratory infections,0.0003741440623848593
2009,Malaria,0.00013354097230135832
2009,Maternal disorders,3.5527902618538506e-05
2009,Meningitis,4.9014901195052037e-05
2009,Neonatal disorders,0.0003601265642365338
2009,Neoplasms,0.001188406341940329
2009,Nutritional deficiencies,4.697947648027478e-05
2009,Parkinson's disease,3.8956361590180254e-05
2009,Poisonings,1.2789899440871391e-05
2009,Protein-energy malnutrition,4.064229097542037e-05
2009,Road injuries ,0.00018648514967215985
2009,Self-harm,0.00011434739303190293
2009,Tuberculosis,0.00020450147385781635
2010,Acute hepatitis,1.5747991648481073e-05
2010,Alcohol use disorders,2.3618968853708334e-05
2010,Alzheimer's disease and other dementias,0.00016615973984183253
2010,Cardiovascular diseases,0.002276635416365896
2010,Chronic kidney disease,0.00015919233592791155
2010,Chronic respiratory diseases,0.0005045291070031462
2010,Cirrhosis and other chronic liver diseases,0.0001927178374081307
2010,Conflict and terrorism,7.829291514091592e-06
2010,Diabetes mellitus,0.00016755678546992765
2010,Diarrheal diseases,0.00027723916977976596
2010,Digestive diseases,0.0003303690205698033
2010,Drowning,4.180514220233852e-05
2010,Drug use disorders,1.2660806860478334e-05
2010,Environmental heat and cold exposure,8.434021523083887e-06
2010,Exposure to forces of nature,3.4642534258892577e-05
2010,"Fire, heat, and hot substances",1.657782438960599e-05
2010,HIV/AIDS,0.00019615546948919814
2010,Interpersonal violence,6.000568992722238e-05
2010,Lower respiratory infections,0.0003659172842764402
2010,Malaria,0.00013078008756865127
2010,Maternal disorders,3.4462423324433975e-05
2010,Meningitis,4.697229923424867e-05
2010,Neonatal disorders,0.0003491448308323594
2010,Neoplasms,0.001197283196372573
2010,Nutritional deficiencies,4.631237162044225e-05
2010,Parkinson's disease,3.970030228751223e-05
2010,Poisonings,1.2596553398624386e-05
2010,Protein-energy malnutrition,4.0125208849571e-05
2010,Road injuries ,0.0001838251295387919
2010,Self-harm,0.00011276065698456377
2010,Tuberculosis,0.00019620189872449753
2011,Acute hepatitis,1.5132234028092048e-05
2011,Alcohol use disorders,2.2918271120153824e-05
2011,Alzheimer's disease and other dementias,0.0001705872539022837
2011,Cardiovascular diseases,0.002277775944589716
2011,Chronic kidney disease,0.00016236151867555175
2011,Chronic respiratory diseases,0.0005026373153056383
2011,Cirrhosis and other chronic liver diseases,0.00019156977386754263
2011,Conflict and terrorism,8.93314362750462e-06
2011,Diabetes mellitus,0.00017014088076363113
2011,Diarrheal diseases,0.0002702328495223839
2011,Digestive diseases,0.0003289902111735519
2011,Drowning,3.992305679734998e-05
2011,Drug use disorders,1.2685632036501872e-05
2011,Environmental heat and cold exposure,7.333699056233444e-06
2011,Exposure to forces of nature,4.523380358283341e-06
2011,"Fire, heat, and hot substances",1.6141437821685814e-05
2011,HIV/AIDS,0.00018231551994207638
2011,Interpersonal violence,5.877980102625775e-05
2011,Lower respiratory infections,0.0003590156572786217
2011,Malaria,0.00012335464168012597
2011,Maternal disorders,3.332801084138127e-05
2011,Meningitis,4.441476639205727e-05
2011,Neonatal disorders,0.0003385312062275385
2011,Neoplasms,0.0012027495106614584
2011,Nutritional deficiencies,4.464114844201343e-05
2011,Parkinson's disease,4.0403373041359846e-05
2011,Poisonings,1.222789718894309e-05
2011,Protein-energy malnutrition,3.856107194221851e-05
2011,Road injuries ,0.00018004573454533904
2011,Self-harm,0.00011038155840829707
2011,Tuberculosis,0.00018912942081585087
2012,Acute hepatitis,1.4677452098763867e-05
2012,Alcohol use disorders,2.2366663730918966e-05
2012,Alzheimer's disease and other dementias,0.00017506947819550246
2012,Cardiovascular diseases,0.0022797691532118964
2012,Chronic kidney disease,0.00016507485028555052
2012,Chronic respiratory diseases,0.0004993491241352446
2012,Cirrhosis and other chronic liver diseases,0.00019006324440981015
2012,Conflict and terrorism,1.5758870277282395e-05
2012,Diabetes mellitus,0.00017353856839671467
2012,Diarrheal diseases,0.0002574815144020583
2012,Digestive diseases,0.0003269054460355454
2012,Drowning,3.8674101833250534e-05
2012,Drug use disorders,1.27611835771352e-05
2012,Environmental heat and cold exposure,7.215722800813092e-06
2012,Exposure to forces of nature,1.2572573918177389e-06
2012,"Fire, heat, and hot substances",1.573010169090862e-05
2012,HIV/AIDS,0.0001682187656052171
2012,Interpersonal violence,5.861690691125333e-05
2012,Lower respiratory infections,0.0003544922750149114
2012,Malaria,0.00011313534277350152
2012,Maternal disorders,3.188078608114504e-05
2012,Meningitis,4.211314074874172e-05
2012,Neonatal disorders,0.0003283799413381271
2012,Neoplasms,0.0012085545607745907
2012,Nutritional deficiencies,4.183612031214743e-05
2012,Parkinson's disease,4.113528948116877e-05
2012,Poisonings,1.1871602752631055e-05
2012,Protein-energy malnutrition,3.586123575873387e-05
2012,Road injuries ,0.000176183032990019
2012,Self-harm,0.00010763942009956937
2012,Tuberculosis,0.00018498874644261185
2013,Acute hepatitis,1.3715675146496664e-05
2013,Alcohol use disorders,2.2029844543577242e-05
2013,Alzheimer's disease and other dementias,0.00017955568694861754
2013,Cardiovascular diseases,0.0022869240034835156
2013,Chronic kidney disease,0.00016838959796051836
2013,Chronic respiratory diseases,0.0005007645724046061
2013,Cirrhosis and other chronic liver diseases,0.00018849310700909226
2013,Conflict and terrorism,1.627663347988265e-05
2013,Diabetes mellitus,0.00017715823830195644
2013,Diarrheal diseases,0.0002479801222635736
2013,Digestive diseases,0.00032576607655503896
2013,Drowning,3.7004918727519923e-05
2013,Drug use disorders,1.3114336722714488e-05
2013,Environmental heat and cold exposure,6.865326566533442e-06
2013,Exposure to forces of nature,3.7314602468365308e-06
2013,"Fire, heat, and hot substances",1.5507486132489677e-05
2013,HIV/AIDS,0.0001561865607725531
2013,Interpersonal violence,5.7640284984397494e-05
2013,Lower respiratory infections,0.0003518491306865908
2013,Malaria,0.00010426010029457295
2013,Maternal disorders,3.0992366600063183e-05
2013,Meningitis,4.014960248196199e-05
2013,Neonatal disorders,0.00031888452383638775
2013,Neoplasms,0.0012145015519063561
2013,Nutritional deficiencies,4.041989966553013e-05
2013,Parkinson's disease,4.208925174280551e-05
2013,Poisonings,1.1596567416932173e-05
2013,Protein-energy malnutrition,3.459290814947112e-05
2013,Road injuries ,0.00017089064434762345
2013,Self-harm,0.00010478599404526068
2013,Tuberculosis,0.00018132863676633692
2014,Acute hepatitis,1.2726703155607535e-05
2014,Alcohol use disorders,2.183477055694846e-05
2014,Alzheimer's disease and other dementias,0.00018419498869693099
2014,Cardiovascular diseases,0.0022913151152516124
2014,Chronic kidney disease,0.00017098400052598862
2014,Chronic respiratory diseases,0.0005005493430802274
2014,Cirrhosis and other chronic liver diseases,0.00018688809588523645
2014,Conflict and terrorism,2.5761687375321497e-05
2014,Diabetes mellitus,0.00018102198288459857
2014,Diarrheal diseases,0.000236548899226774
2014,Digestive diseases,0.0003240532935769833
2014,Drowning,3.5432309461897096e-05
2014,Drug use disorders,1.3610835153600625e-05
2014,Environmental heat and cold exposure,6.685819876296596e-06
2014,Exposure to forces of nature,1.0159978866860148e-06
2014,"Fire, heat, and hot substances",1.509220174310626e-05
2014,HIV/AIDS,0.00014707707130025543
2014,Interpersonal violence,5.6662717541457716e-05
2014,Lower respiratory infections,0.0003470874680071782
2014,Malaria,9.928651555261211e-05
2014,Maternal disorders,2.945475470709357e-05
2014,Meningitis,3.844096267491266e-05
2014,Neonatal disorders,0.0003067008666377673
2014,Neoplasms,0.0012227489331605825
2014,Nutritional deficiencies,3.9008452050368685e-05
2014,Parkinson's disease,4.289452059968716e-05
2014,Poisonings,1.1236837932942896e-05
2014,Protein-energy malnutrition,3.330312770611001e-05
2014,Road injuries ,0.00016640721242040858
2014,Self-harm,0.00010208654102904697
2014,Tuberculosis,0.00017748655149045316
2015,Acute hepatitis,1.2026075829507974e-05
2015,Alcohol use disorders,2.1777427884932e-05
2015,Alzheimer's disease and other dementias,0.00018902172698327338
2015,Cardiovascular diseases,0.002315742110265614
2015,Chronic kidney disease,0.00017438622983265178
2015,Chronic respiratory diseases,0.0005001366474553441
2015,Cirrhosis and other chronic liver diseases,0.0001876673537109812
2015,Conflict and terrorism,2.263341347383343e-05
2015,Diabetes mellitus,0.0001851134894725729
2015,Diarrheal diseases,0.00022751885565075558
2015,Digestive diseases,0.0003258066522307965
2015,Drowning,3.4450404965257675e-05
2015,Drug use disorders,1.4282370912743324e-05
2015,Environmental heat and cold exposure,7.000869946270755e-06
2015,Exposure to forces of nature,2.1115756580419466e-06
2015,"Fire, heat, and hot substances",1.4928188122922872e-05
2015,HIV/AIDS,0.00013952510897061393
2015,Interpersonal violence,5.641916602282365e-05
2015,Lower respiratory infections,0.00034324358140056454
2015,Malaria,9.524516551890547e-05
2015,Maternal disorders,2.8246033877869714e-05
2015,Meningitis,3.628676980628858e-05
2015,Neonatal disorders,0.00029582696636236086
2015,Neoplasms,0.001237651364660364
2015,Nutritional deficiencies,3.777786770406779e-05
2015,Parkinson's disease,4.36030955782618e-05
2015,Poisonings,1.0972388329223422e-05
2015,Protein-energy malnutrition,3.2212674077950693e-05
2015,Road injuries ,0.0001627982419260373
2015,Self-harm,0.0001006325764803655
2015,Tuberculosis,0.0001717602768918063
2016,Acute hepatitis,1.1351252641509982e-05
2016,Alcohol use disorders,2.171041282249567e-05
2016,Alzheimer's disease and other dementias,0.00019451175123397604
2016,Cardiovascular diseases,0.0023310098611419574
2016,Chronic kidney disease,0.00017751876820587886
2016,Chronic respiratory diseases,0.0005011767081397055
2016,Cirrhosis and other chronic liver diseases,0.00018812029101496563
2016,Conflict and terrorism,2.16554826525004e-05
2016,Diabetes mellitus,0.00018929418894057183
2016,Diarrheal diseases,0.00021969736815283087
2016,Digestive diseases,0.00032685447389947816
2016,Drowning,3.333470860168945e-05
2016,Drug use disorders,1.512254375174609e-05
2016,Environmental heat and cold exposure,6.363191277866494e-06
2016,Exposure to forces of nature,1.1618400834121117e-06
2016,"Fire, heat, and hot substances",1.4715926517756728e-05
2016,HIV/AIDS,0.0001334532499315772
2016,Interpersonal violence,5.526511005621495e-05
2016,Lower respiratory infections,0.00033710176410010765
2016,Malaria,8.847294336281777e-05
2016,Maternal disorders,2.7295873278843792e-05
2016,Meningitis,3.500070046483862e-05
2016,Neonatal disorders,0.0002812262592768233
2016,Neoplasms,0.001250919938165365
2016,Nutritional deficiencies,3.6601044076042225e-05
2016,Parkinson's disease,4.4310694398914686e-05
2016,Poisonings,1.0711517125101676e-05
2016,Protein-energy malnutrition,3.115532061312109e-05
2016,Road injuries ,0.0001599078877533471
2016,Self-harm,9.953413791154785e-05
2016,Tuberculosis,0.00016740625788577436
2017,Acute hepatitis,1.0926542324053838e-05
2017,Alcohol use disorders,2.1542400515918494e-05
2017,Alzheimer's disease and other dementias,0.0002000098325897102
2017,Cardiovascular diseases,0.0023431664761805284
2017,Chronic kidney disease,0.0001790373950318633
2017,Chronic respiratory diseases,0.000502916924881449
2017,Cirrhosis and other chronic liver diseases,0.00018892191999998197
2017,Conflict and terrorism,1.7321070955231188e-05
2017,Diabetes mellitus,0.0001927276350094209
2017,Diarrheal diseases,0.00021624450274155063
2017,Digestive diseases,0.00032830886541775154
2017,Drowning,3.204113940166151e-05
2017,Drug use disorders,1.5676498617122736e-05
2017,Environmental heat and cold exposure,6.131010192403669e-06
2017,Exposure to forces of nature,1.763281499064319e-06
2017,"Fire, heat, and hot substances",1.4463041914896416e-05
2017,HIV/AIDS,0.00012546683892876282
2017,Interpersonal violence,5.526640125961284e-05
2017,Lower respiratory infections,0.00032961903828906025
2017,Malaria,8.342140549480394e-05
2017,Maternal disorders,2.6391192784515377e-05
2017,Meningitis,3.3139464116308986e-05
2017,Neonatal disorders,0.0002669493455059509
2017,Neoplasms,0.001262542277842057
2017,Nutritional deficiencies,3.5435611960646175e-05
2017,Parkinson's disease,4.495884241768602e-05
2017,Poisonings,1.039818056747795e-05
2017,Protein-energy malnutrition,3.007978848783266e-05
2017,Road injuries ,0.00015743285768950697
2017,Self-harm,9.852065431919821e-05
2017,Tuberculosis,0.00016318389257652957
2018,Acute hepatitis,1.0600581171942092e-05
2018,Alcohol use disorders,2.168261381402678e-05
2018,Alzheimer's disease and other dementias,0.00020555605899310567
2018,Cardiovascular diseases,0.002373698584521146
2018,Chronic kidney disease,0.0001818439843957097
2018,Chronic respiratory diseases,0.0005093160309092578
2018,Cirrhosis and other chronic liver diseases,0.00018970432830794795
2018,Conflict and terrorism,1.3550749094457141e-05
2018,Diabetes mellitus,0.00019677828401323856
2018,Diarrheal diseases,0.000206779475140425
2018,Digestive diseases,0.0003296007067424529
2018,Drowning,3.1485143964420586e-05
2018,Drug use disorders,1.61307209355479e-05
2018,Environmental heat and cold exposure,6.063615249438827e-06
2018,Exposure to forces of nature,1.4522169820686612e-06
2018,"Fire, heat, and hot substances",1.4498844191485363e-05
2018,HIV/AIDS,0.00011693491734309069
2018,Interpersonal violence,5.493958829771739e-05
2018,Lower respiratory infections,0.0003258299484263524
2018,Malaria,8.276247743468148e-05
2018,Maternal disorders,2.59555283722575e-05
2018,Meningitis,3.166860396937422e-05
2018,Neonatal disorders,0.00025453110044405916
2018,Neoplasms,0.0012831399794176745
2018,Nutritional deficiencies,3.382137608464438e-05
2018,Parkinson's disease,4.603823990022795e-05
2018,Poisonings,1.0195789775297976e-05
2018,Protein-energy malnutrition,2.8596435143565002e-05
2018,Road injuries ,0.00015671664690295714
2018,Self-harm,9.895374017186408e-05
2018,Tuberculosis,0.00015789563952050558
2019,Acute hepatitis,1.0254660935202415e-05
2019,Alcohol use disorders,2.1751694286516854e-05
2019,Alzheimer's disease and other dementias,0.00021012558540301735
2019,Cardiovascular diseases,0.002401653544143133
2019,Chronic kidney disease,0.00018461215908833537
2019,Chronic respiratory diseases,0.0005147806341482115
2019,Cirrhosis and other chronic liver diseases,0.0001903427849789124
2019,Conflict and terrorism,8.158716570047137e-06
2019,Diabetes mellitus,0.00020051006628263622
2019,Diarrheal diseases,0.00019877167833234444
2019,Digestive diseases,0.0003308879957641881
2019,Drowning,3.069306788213722e-05
2019,Drug use disorders,1.6593703161876045e-05
2019,Environmental heat and cold exposure,6.14924433277944e-06
2019,Exposure to forces of nature,7.871945435283514e-07
2019,"Fire, heat, and hot substances",1.4397544471597671e-05
2019,HIV/AIDS,0.00011171291419484835
2019,Interpersonal violence,5.34343300129808e-05
2019,Lower respiratory infections,0.0003227422435311556
2019,Malaria,8.338609710462147e-05
2019,Maternal disorders,2.5419823801436347e-05
2019,Meningitis,3.057859278629803e-05
2019,Neonatal disorders,0.00024347867595381643
2019,Neoplasms,0.0013046617772361048
2019,Nutritional deficiencies,3.253361480810428e-05
2019,Parkinson's disease,4.696408869571912e-05
2019,Poisonings,9.993040614247177e-06
2019,Protein-energy malnutrition,2.7439537864945602e-05
2019,Road injuries ,0.0001549117704914084
2019,Self-harm,9.827304529852143e-05
2019,Tuberculosis,0.00015278250778012553